This is the directory for 2nd YR BLK 2 students. The following students are:

Fullname | Email Address
-----------------------------------------------------------
Guela, Asher Jan | asherguela090@gmail.com
Borabo, Jeric | jericdujacoborabo11@gmail.com
Katigbak, Ronalyn | ronalynkatigbak44@gmail.com
Gustuir, Jerica | wardelljeca@gmail.com
Guan, Marianne Kate | gobangcomarianne@gmail.com
Frencillo, Regine | frencilloregine51@gmail.com
Dio, Sean | seandio54@gmail.com
Doctor, Samantha Jane | samanthamorales613@gmail.com
Armenta, Rosemarie | armentarosemarie4@gmail.com
Jetajobe, Kathleen Joy | kathleenjetajobe3@gmail.com
Bayoca, Sherlyn | sherlyngimpaya@gmail.com 
Gojar, Angel | angelgojar11@gmail.com 
Goboli, Geselle | gesellegoboli2@gmail.com
Banania, Chezka Gayle | gaylebanania@gmail.com
Gigantone, Karen | karen.gigantone13@gmail.com
Gayo, Eula Mae | gayoeulamae@gmail.com
Fuedan, Arianne | fuedanarianne@gmail.com
Almoguera, Marvin | almoguera.marvin@gmail.com
Gestiada, Lyka | gestiadalyka@gmail.com
Brizuela, Leony Balbuena | nyxxieeeee@gmail.com
Doctor, Jericho Deverla | jerdevdoc@gmail.com
Gernale, Frenrick | gernalefrenrick2@gmail.com
De los Santos, Gizelle | gizelledelossantos8@gmail.com
Gacosta, Cherry Ann | cherryann.gacosta08@gmail.com
Cagang, Tigran Morse | tigranmorsecagang@gmail.com
Escote, Lea Hapita | leaescote9@gmail.com
Frades, Mariseph | sepfrades@gmail.com
Conda, Juvylyn | guarinjuvylyn@gmail.com
Astaño, Leslie | astanoleslie@gmail.com
Navarro, Noime | lagudnavarro@gmail.com
Barios, Sheena | sheynbarios@gmail.com
Oronan, April Joy | aprildellomasoronan152001@gmail.com
Baloloy, Ellaiza Mae | ellaizamaebaloloy30@gmail.com
Navales Jerick | jericknavales0@gmail.com
Granado, Catherine | granadocatherine71@gmail.com
Catabuena, Dazel | dazelcatabuena719@gmail.com
Carezo, Jeanahmae | jeanahmaecarezo31@gmail.com
Estiller, Jolo | joloestiller341@gmail.com
Boco, Tricia | triciaboco496@gmail.com
Ayapana, Arnold | arnoldayapana72@gmail.com
Guelan, Ava Mical | avamicalguelan98@gmail.com
Patigayon Renzo Marvin | prenzomarvin@gmail.com 
Sus Jasper | susrepsaj@gmail.com
Gelua Julio | juliogelua78@gmail.com
Villamoya, Nathan John H. | nathanjohn.villamoya@gmail.com
Lanuza, Rovic Angelo B. | rovicangelolanuza9@gmail.com
